,index -- streamlit-generated,value
0,0,0.01305241696536541
1,1,0.05207044258713722
2,2,0.2802521586418152
3,3,0.4406842589378357
4,4,0.00017642872990109026
5,5,0.01098064985126257
6,6,0.01737804338335991
7,7,0.12544119358062744
8,8,0.044964537024497986
9,9,0.014999879524111748
