fun,is,learning,love,machine,nlp
0.0,0.0,0.0,0.7071067811865476,0.0,0.7071067811865476
0.6227660078332259,0.6227660078332259,0.0,0.0,0.0,0.4736296010332684
0.0,0.0,0.6227660078332259,0.4736296010332684,0.6227660078332259,0.0
