artificial,computers,future,helps,human,intelligence,is,language,nlp,of,part,technology,the,understand
0.38550292161010064,0.0,0.0,0.0,0.0,0.38550292161010064,0.38550292161010064,0.0,0.38550292161010064,0.38550292161010064,0.5068900148458076,0.0,0.0,0.0
0.3299283214573658,0.0,0.4338160942155483,0.0,0.0,0.3299283214573658,0.3299283214573658,0.0,0.0,0.3299283214573658,0.0,0.4338160942155483,0.4338160942155483,0.0
0.0,0.4233944834119594,0.0,0.4233944834119594,0.4233944834119594,0.0,0.0,0.4233944834119594,0.3220024178194947,0.0,0.0,0.0,0.0,0.4233944834119594
