Feature,Importance
sqft_living,0.5377566500114491
sqft_above,0.06660808121102813
sqft_lot,0.05132970443850739
yr_built,0.050071958264064166
house_age,0.048873143066112075
sqft_basement,0.047704023236795595
total_size,0.04472023693640723
bathrooms,0.044687577106733045
view,0.03169959220072677
bedrooms,0.019226515772752802
yr_renovated,0.017118649405575174
condition,0.016305272157041428
floors,0.012549400393420633
waterfront,0.008414656325006365
was_renovated,0.002934539474379994
